bin,old_human_eval_count,old_llm_eval_count,ebr_available_count,ebr_retained_count,ebr_shortfall,ebr_retained_mean_token_length
01-05,375,375,962,375,0,4.882666666666666
06-10,1651,1651,5168,1651,0,7.1665657177468205
11-15,1116,1116,2690,1116,0,13.030465949820789
16-20,959,959,1474,959,0,17.533889468196037
21-25,523,523,738,523,0,22.753346080305928
26-30,192,192,438,192,0,27.932291666666668
31-35,103,103,302,103,0,33.05825242718446
36-40,46,46,233,46,0,37.630434782608695
41+,39,39,645,39,0,53.8974358974359
